id|name|gender|birthday|age|isMarried
1|Kenneth Scott|male|1984-04-14|39|true
2|Stephanie Lozano|female|1993-12-31|29|true
3|Thomas Williams|male|1979-02-09|44|true
4|Christopher Hill|male|1976-11-08|46|false
5|Robert Gill|male|1991-05-16|32|true
6|Cody Bowman|male|1970-04-14|53|false
7|Terri Villa|female|1981-03-03|42|true
8|Laura Dominguez|female|1977-04-06|46|true
9|Robin Fernandez|female|1997-03-14|26|false
10|Gregg Brooks|male|1997-04-29|26|true
11|Michael Dean|male|1975-09-16|47|false
12|Rachel Holmes|female|1985-07-13|38|true
13|Hannah Anderson|female|1990-11-11|32|false
14|Patricia Fletcher|female|1975-08-21|48|false
15|David Brewer|male|1987-03-04|36|false
16|Sara King|female|1994-10-22|28|false
17|Sheila Trujillo|female|1996-01-21|27|false
18|Zachary Steele|male|1977-10-31|45|false
19|Christopher Benitez|male|1981-06-08|42|true
20|Barry Ramirez|male|1979-03-04|44|false
21|Darrell Hinton|male|1997-11-13|25|true
22|Connie Decker|female|1978-03-04|45|true
23|Carla Smith|female|1992-04-10|31|true
24|Cynthia Walsh|female|1982-11-19|40|false
25|Jeff Williams|male|1973-02-10|50|false
26|Thomas White|male|1976-06-23|47|true
27|Kendra Wilson|female|1985-01-18|38|true
28|David George|male|1983-10-31|39|true
29|Andrew Smith|male|1996-05-22|27|true
30|Tracy Howard|female|2000-05-04|23|true
31|Sean Mata|male|1998-11-11|24|true
32|Jasmin Flowers|female|1978-07-12|45|true
33|Victor Reed|male|1973-12-25|49|true
34|Alyssa Randolph|female|1971-03-28|52|false
35|Terry Dominguez|female|1975-06-19|48|true
36|Chad Liu|male|1978-10-10|44|false
37|Danielle Chen|female|1991-09-04|31|true
38|Melissa Harmon|female|1992-10-06|30|false
39|Kristin Watts|female|1997-01-27|26|false
40|Elizabeth Holmes|female|1992-11-26|30|true
41|Andres Nelson|male|1983-01-28|40|true
42|Ricky Smith|male|1989-07-17|34|true
43|James Rogers|male|1983-09-25|39|false
44|Dawn Shaffer|female|1994-12-06|28|false
45|Valerie Saunders|female|1994-04-22|29|false
46|Paul Chavez|male|1976-10-01|46|true
47|Robert Thompson|male|1994-05-19|29|false
48|Michelle Hughes|female|1984-02-07|39|true
49|Emily Blair|female|2000-08-01|23|false
50|Christopher Allen|male|1984-11-13|38|false
51|Jill Carlson|female|1983-02-05|40|false
52|Beverly Underwood|female|1990-08-13|33|true
53|Diana Greer|female|1988-01-07|35|true
54|Javier Leonard|male|1980-01-31|43|true
55|Karen Peters|female|1988-06-28|35|true
56|Daniel Ferguson|male|1986-10-13|36|true
57|Mackenzie Thompson|female|1987-06-06|36|true
58|Thomas Gonzales|male|1973-05-21|50|false
59|Matthew Torres|male|1985-02-04|38|false
60|Andrea Barry|female|1977-01-28|46|true
61|Christian Sullivan|male|1996-06-14|27|false
62|Joan Burns|female|1989-11-25|33|true
63|Frank Collins|male|1976-08-05|47|true
64|Rachel Martinez|female|1983-03-11|40|false
65|Heather Conley|female|1972-08-20|51|false
66|Matthew Young|male|1991-09-05|31|true
67|Gary Lawson|male|1986-08-24|36|false
68|Alexis Farley|male|1998-01-12|25|true
69|Todd Walsh|male|1979-05-15|44|true
70|Zachary Wright|male|1983-07-17|40|false
71|Nancy Stuart|female|1999-04-15|24|true
72|Andrea Miller|female|1995-07-08|28|true
73|Steven Hunt|male|1989-01-07|34|false
74|Edward Daniel|male|1993-04-17|30|false
75|Sherri Hill|female|1990-10-15|32|false
76|Michael Wallace|male|1975-08-22|47|false
77|Tiffany Butler|female|1970-02-12|53|true
78|Amanda Harris|female|1978-11-02|44|false
79|Joseph Porter|male|1979-02-20|44|false
80|Lori Mitchell|female|1975-10-31|47|true
81|Oscar Garrison|male|1972-12-27|50|false
82|Cynthia Benton|female|1981-12-26|41|false
83|Sydney Brennan|female|1993-03-04|30|true
84|Curtis Phillips|male|1993-09-22|29|false
85|Tracy Reynolds|female|1984-11-01|38|true
86|Madison Shepard|female|1978-08-07|45|false
87|Larry Davis|male|1984-03-27|39|true
88|Matthew Rojas|male|1983-06-07|40|true
89|Stephen Oliver|male|1992-04-22|31|false
90|David Johnson|male|1990-08-24|32|true
91|Kimberly George|female|1998-02-04|25|false
92|Krista Long|female|1979-01-11|44|true
93|Karen Allen|female|1971-08-23|51|false
94|Antonio Jackson|male|1987-03-15|36|false
95|Daniel Johnson|male|1985-06-16|38|true
96|Matthew Ball|male|1993-08-06|30|false
97|Brian Rodriguez|male|1994-08-29|28|true
98|Laurie Smith|female|1975-02-20|48|false
99|Emily Macdonald|female|1977-09-26|45|false
100|Michele Burgess|female|1980-10-30|42|false
101|Austin Morgan|male|1971-07-05|52|true
102|Gary Potter|male|1972-12-06|50|false
103|Cynthia Kelly|female|1995-01-10|28|false
104|Jeremy Sweeney|male|1984-06-03|39|true
105|Jerry Hill|male|1984-01-13|39|false
106|Brooke Hurst|female|1974-04-06|49|true
107|Mark Morrison|male|1970-12-25|52|false
108|Sheri Bolton|female|1986-08-25|36|true
109|Robert Morris|male|1991-07-14|32|true
110|Christopher Munoz|male|1977-10-14|45|true
111|Anthony Melendez|male|2000-05-15|23|true
112|Daniel Arellano|male|1981-11-14|41|false
113|Brittany Black|female|1997-05-19|26|false
114|David Griffith|male|1982-10-10|40|true
115|Cheryl Hamilton|female|1994-05-17|29|false
116|Brenda Barnett|female|1982-01-18|41|false
117|Michelle Nielsen|female|1982-05-21|41|true
118|John Meyer|male|1996-08-09|27|true
119|Carla Walls|female|1978-02-17|45|false
120|Danielle Johnson|female|1997-06-10|26|true
121|Crystal Frank|female|2000-02-07|23|false
122|Allison Thomas|female|1996-04-09|27|true
123|Lauren Johnson|female|1974-06-02|49|false
124|Brittany Green|female|1990-03-12|33|false
125|Eric Thompson|male|1971-08-27|51|false
126|Kenneth Perry|male|1971-11-18|51|false
127|Cameron Miller|male|1970-05-25|53|true
128|Linda Lyons|female|1983-04-25|40|true
129|Christopher Smith|male|1973-08-22|49|false
130|Daniel Hayes|male|1993-03-20|30|false
131|Tristan Ramirez|male|1997-08-11|26|true
132|Nicole Phillips|female|1998-04-01|25|false
133|Alexandra Macdonald|female|1988-02-28|35|false
134|Ashley Carlson|female|1986-08-08|37|true
135|Kristopher Jackson|male|1995-09-05|27|true
136|Phillip Smith|male|1999-07-22|24|true
137|Janet Hunter|female|1981-07-24|42|true
138|Gregory Little|male|1982-12-15|40|false
139|Michael Thomas|male|1985-05-13|38|true
140|Vincent Fisher|male|1979-03-12|44|true
141|Lawrence Clark|male|1984-08-24|38|true
142|Emily Mcgee|female|1996-02-10|27|true
143|Alexis Vincent|male|1981-03-22|42|false
144|Crystal Boyle|female|1995-04-06|28|false
145|Jose Munoz|male|1988-09-21|34|false
146|Steven Morris|male|1970-10-16|52|false
147|Angela Garcia|female|1996-01-17|27|true
148|Brittany Vazquez|female|1985-08-01|38|true
149|Jennifer Kelley|female|1979-12-26|43|true
150|Angela Berg|female|1981-10-06|41|true
151|Hailey Marquez|female|1971-07-08|52|false
152|Nathan Gross|male|1991-08-30|31|false
153|Carolyn Allen|female|1977-09-10|45|true
154|Cody Bird|male|1988-07-07|35|true
155|Kelly Fuentes|female|1982-02-23|41|false
156|Carol Williams|female|1997-04-14|26|false
157|Lisa Stanley|female|1998-08-01|25|true
158|Rachel Moore|female|1975-07-06|48|false
159|Jacob Howell|male|1973-01-03|50|true
160|Jose Torres|male|1996-12-04|26|false
161|Troy Santos|male|1991-05-16|32|true
162|Stephanie Cox|female|1975-05-24|48|true
163|Robert Nelson|male|1979-08-21|43|true
164|John Kramer|male|1993-12-02|29|false
165|Brittany Fitzpatrick|female|1975-01-08|48|false
166|Seth Brown|male|1981-04-13|42|true
167|Monica Floyd|female|1983-11-27|39|false
168|Barbara Bell|female|1976-01-10|47|false
169|Mike Rios|male|1983-03-18|40|true
170|Gary Coleman|male|1996-11-01|26|false
171|Jessica Howard|female|1972-03-04|51|true
172|Mark Stone|male|1987-06-27|36|false
173|Patrick Eaton|male|1993-04-03|30|true
174|Wendy Rodriguez|female|2000-08-11|23|false
175|Gregory King|male|1983-11-16|39|false
176|John Wood|male|1984-03-31|39|true
177|Nicole Lopez|female|1988-09-04|34|false
178|Theresa Mays|female|2000-12-16|22|true
179|Scott Lawrence|male|1991-09-10|31|false
180|Ashley King|female|1979-08-23|43|true
181|Caroline Clark|female|1977-10-07|45|true
182|Michael Wright|male|1994-03-01|29|true
183|Alex Smith|male|1978-10-09|44|true
184|Aaron Thomas|male|1973-03-03|50|false
185|Daniel Gonzalez|male|1979-12-29|43|false
186|Kyle Bell|male|1982-03-07|41|false
187|Shannon Campbell|female|1974-07-29|49|true
188|Jennifer Garcia|female|1996-04-30|27|true
189|Jonathan Hunter|male|1989-12-25|33|true
190|Michael Chang|male|1994-11-27|28|true
191|Brandy Weeks|female|1985-04-11|38|false
192|Joshua Harris|male|1999-10-23|23|true
193|Jordan Herrera|male|1972-07-17|51|true
194|Lisa Mcdonald|female|1991-07-08|32|false
195|Robert Brennan|male|1975-11-10|47|false
196|Michael Eaton|male|1974-12-13|48|false
197|Lisa Clayton|female|1981-05-03|42|true
198|William Lynch|male|1981-04-01|42|false
199|Joshua Snyder|male|1970-07-29|53|true
200|William Alexander|male|1987-08-16|36|true
201|Natalie Strong|female|1979-06-25|44|false
202|Susan Munoz|female|1970-01-01|53|true
203|Vincent West|male|1991-06-28|32|false
204|Shane Kim|male|1978-11-08|44|true
205|Ashley Lawson|female|1989-05-28|34|false
206|Sara Anderson|female|1970-07-03|53|false
207|Adriana Atkins|female|1988-12-30|34|false
208|Lisa Durham|female|1988-10-19|34|false
209|Steven Clark|male|1994-06-28|29|true
210|Gail Pratt|female|1983-05-11|40|true
211|Ricky Wiley|male|1982-07-07|41|true
212|Kevin Yang|male|1999-03-12|24|true
213|Dean Woodard|male|1975-07-05|48|true
214|Nicole Walton|female|1983-05-30|40|false
215|Denise Smith|female|1990-12-03|32|true
216|Monica Stone|female|1998-01-08|25|false
217|William Castro|male|1985-08-04|38|true
218|Billy Hudson|male|1988-03-24|35|true
219|Karen Acosta|female|1972-01-30|51|true
220|Lisa Mccormick|female|1994-03-12|29|false
221|Laura Ramos|female|1981-08-13|42|true
222|Jose Myers|male|1982-07-18|41|false
223|Samantha Taylor|female|1989-01-04|34|true
224|Christopher Gonzalez|male|1989-04-16|34|true
225|Joseph Callahan|male|1989-12-12|33|true
226|Amy Terry|female|1992-08-25|30|false
227|Sarah Wilkins|female|1989-11-26|33|true
228|Greg Wilkerson|male|1997-04-19|26|false
229|Christopher Williams|male|1994-01-11|29|false
230|Michael Sherman|male|1998-09-11|24|true
231|Brian Henry|male|1981-12-31|41|false
232|Steven Schmidt|male|1993-11-28|29|false
233|Ronald Evans|male|1991-11-01|31|false
234|Michelle Rodriguez|female|1986-02-03|37|false
235|Charles Watson|male|1998-11-29|24|false
236|Eric Nolan|male|1999-01-06|24|false
237|Linda Johnson|female|1996-12-15|26|false
238|Yvette Reid|female|1999-10-06|23|true
239|Charles Ross|male|1999-10-03|23|false
240|Mary Harrington|female|1979-08-17|44|false
241|Sara Warren|female|1987-10-03|35|true
242|Lauren Russo|female|1983-12-31|39|true
243|Sarah Yates|female|1992-05-09|31|true
244|Olivia West|female|1999-04-30|24|true
245|Isaac Dixon|male|1983-05-27|40|true
246|Nathan Sanford|male|1984-02-08|39|true
247|Monica Cook|female|1971-03-23|52|false
248|Stephanie Gill|female|1972-04-26|51|false
249|Adam Parker|male|1970-01-15|53|true
250|Amanda Zavala|female|1978-11-06|44|false
251|Kenneth Drake|male|1995-09-06|27|true
252|Steven Ward|male|1983-01-10|40|false
253|Sara Bolton|female|2000-02-11|23|false
254|Juan Stone|male|2000-11-03|22|true
255|Veronica Stevens|female|1974-01-07|49|true
256|Anthony Gutierrez|male|2000-09-15|22|true
257|Natalie Johnson|female|1993-02-28|30|false
258|Robert Crawford|male|1973-04-19|50|false
259|Jeffrey Terry|male|1971-12-27|51|true
260|Tracy Sanders|female|1977-07-09|46|false
261|Dana Smith|female|1992-04-01|31|false
262|Heather Welch|female|1972-12-10|50|false
263|David Haynes|male|1975-05-22|48|true
264|Tasha Hall|female|1974-10-30|48|true
265|Michael White|male|1983-07-03|40|false
266|Gregory Mack|male|1977-01-02|46|true
267|Janet Aguirre|female|1984-10-30|38|true
268|Timothy Smith|male|1998-08-10|25|false
269|Thomas Green|male|1980-04-06|43|false
270|Bonnie Evans|female|1984-03-07|39|true
271|Steven Rice|male|1981-01-11|42|false
272|Lisa Ellis|female|1975-02-09|48|true
273|Richard Thomas|male|1990-12-19|32|false
274|Ronnie Romero|male|1973-11-24|49|false
275|Joseph Newman|male|1980-11-26|42|false
276|Nicole Bullock|female|1977-01-05|46|false
277|Alexis Fischer|female|1997-12-29|25|true
278|Matthew Scott|male|1972-08-10|51|true
279|John Miller|male|1974-09-27|48|true
280|Kyle Jacobs|male|1994-02-26|29|true
281|Joseph Rojas|male|1970-11-20|52|false
282|Eric Rose|male|1988-12-25|34|false
283|Debbie Powers|female|1980-05-17|43|true
284|Robert Anderson|male|1983-01-21|40|true
285|Mark James|male|1978-09-23|44|false
286|Kimberly Phelps|female|1974-11-28|48|false
287|Robert Davis|male|1973-10-28|49|true
288|Joshua Love|male|1981-08-30|41|true
289|Stacy Fleming|female|1987-09-22|35|true
290|Sarah Aguilar|female|1994-06-08|29|false
291|Kristy Little|female|1984-05-26|39|false
292|Rachel Miles|female|1996-08-04|27|false
293|Jack Marsh|male|1985-04-22|38|false
294|Ryan Harper|male|1997-11-04|25|false
295|Derrick Russo|male|1993-08-12|30|true
296|Andrea Miller|female|1999-07-26|24|true
297|Ryan Evans|male|1985-12-31|37|true
298|Alexandria Robinson|female|1992-03-18|31|true
299|Patrick Griffin|male|1988-06-15|35|true
300|Theresa Moore|female|1971-04-01|52|false
301|Zachary Wong|male|1970-04-07|53|false
302|Gregory Barrett|male|1993-01-27|30|true
303|Aaron Wong|male|1978-01-13|45|false
304|Edward Smith|male|1993-06-23|30|false
305|Amanda Allen|female|1979-08-01|44|false
306|Natalie Massey|female|1989-02-06|34|true
307|Jennifer Murphy|female|1984-02-10|39|true
308|Mark Bird|male|1986-11-30|36|false
309|Sharon Castillo|female|1979-11-30|43|true
310|Dakota Hale|male|1984-12-08|38|false
311|Gregory Coleman|male|1984-12-31|38|false
312|Zoe Marks|female|1993-10-22|29|false
313|Heather Melton|female|1977-10-12|45|false
314|Heather Herring|female|1989-02-09|34|false
315|Jeanette Ruiz|female|1980-06-01|43|false
316|Taylor Brown|male|2000-07-14|23|true
317|Michelle Rogers|female|1974-01-12|49|false
318|Jonathan Herring|male|1992-10-16|30|true
319|Sarah Ali|female|1990-09-03|32|false
320|Ashley Osborne|female|1970-09-09|52|true
321|Megan Hart|female|1997-05-07|26|false
322|Anna Gonzalez|female|1981-02-13|42|true
323|Paula Gardner|female|1988-11-05|34|true
324|Paul Jackson|male|1976-11-09|46|true
325|Carrie Chung|female|1981-08-01|42|true
326|James Weber|male|1975-04-23|48|true
327|Matthew Diaz|male|1973-04-05|50|false
328|Jason Li|male|1993-01-30|30|true
329|Shari Barnett|female|1992-06-13|31|true
330|Jeffrey Frank|male|1988-06-13|35|false
331|Sergio Stewart|male|1997-01-31|26|false
332|David Brown|male|1983-03-23|40|false
333|Jane Cannon|female|1990-12-14|32|false
334|Javier Simon|male|1995-11-27|27|false
335|Dan Taylor|male|1998-09-12|24|false
336|Tara Morgan|female|1977-10-13|45|true
337|Louis Clark|male|1984-07-25|39|true
338|Kathleen Collins|female|1985-11-20|37|true
339|Dawn Boyd|female|1976-06-20|47|false
340|Bradley Thomas|male|1970-11-23|52|false
341|Mario Moore|male|1990-03-18|33|true
342|Natalie Turner|female|1989-05-28|34|false
343|Michael Cummings|male|1977-08-16|46|true
344|Jasmine Townsend|female|1975-07-09|48|true
345|Sarah Cherry|female|1981-09-10|41|true
346|Courtney Simpson|female|1987-04-27|36|false
347|Thomas Juarez|male|1986-05-05|37|true
348|Stephen Edwards|male|1997-11-23|25|true
349|Jason Thomas|male|1988-04-28|35|true
350|Rodney Blair|male|1973-02-10|50|false
351|Shannon Martinez|female|1991-12-15|31|false
352|Robert Walsh|male|1978-10-10|44|false
353|Rachel Price|female|1997-06-15|26|false
354|Edward Wallace|male|1991-08-19|31|false
355|Michael Hoffman|male|1990-02-08|33|true
356|Rebecca Kirk|female|1995-07-10|28|true
357|Emily Whitehead|female|1996-01-08|27|false
358|Christina Sanders|female|1984-10-27|38|false
359|Jessica Ewing|female|1994-06-05|29|false
360|Rebecca Melton|female|1985-09-04|37|false
361|Faith Snyder|female|1978-12-01|44|false
362|Stephanie Hayes|female|1993-01-12|30|true
363|Mark Reid|male|1992-11-29|30|false
364|Austin Perez|male|1981-04-11|42|true
365|Anthony Casey|male|1974-07-05|49|false
366|David Kelley|male|1992-06-20|31|false
367|Tracy Boyd|female|1972-12-24|50|true
368|Lindsay Long|female|1993-11-22|29|true
369|Lisa Valdez|female|1970-06-19|53|false
370|Cheryl Hughes|female|1982-03-03|41|true
371|Terry Underwood|male|1981-07-22|42|true
372|Sabrina Hansen|female|2000-03-02|23|false
373|Amanda Waters|female|1973-10-22|49|true
374|Brittney Thompson|female|1972-08-08|51|true
375|Joshua Conway|male|1979-12-30|43|false
376|William Miller|male|1982-11-22|40|false
377|Emily Sanchez|female|1995-09-08|27|true
378|Jessica Watson|female|1986-01-08|37|true
379|Amanda Hernandez|female|1978-09-28|44|true
380|Shawn Doyle|male|1986-02-13|37|true
381|Brittany Barker|female|1986-10-16|36|true
382|John Taylor|male|1974-10-15|48|true
383|Heather Ryan|female|1994-12-01|28|true
384|Paul Powell|male|1995-02-27|28|true
385|Paul Martinez|male|1974-07-24|49|true
386|Logan Stewart|male|1981-02-25|42|false
387|Jamie Smith|female|1994-10-11|28|false
388|Melissa Banks|female|1976-08-20|47|false
389|Scott Washington|male|1974-11-25|48|false
390|Chelsea Key|female|1991-07-17|32|true
391|Jennifer Bradley|female|1993-05-10|30|false
392|Amanda Jenkins|female|1982-10-07|40|true
393|Joseph Cunningham|male|1981-12-26|41|false
394|Steve Erickson|male|1984-05-31|39|false
395|Deanna Dixon|female|1983-10-12|39|false
396|Sarah Compton|female|1990-09-01|32|true
397|Jesus Beck|male|1985-01-22|38|true
398|Brad Kelly|male|1974-06-11|49|false
399|Kathy Campbell|female|1995-09-19|27|true
400|Angela Salazar|female|1986-07-21|37|false
401|Kimberly Howe|female|1977-09-21|45|false
402|Rachael Wallace|female|1995-09-29|27|true
403|Angela Young|female|1998-03-08|25|true
404|Wesley Morrison|male|1979-08-22|43|false
405|Larry Martin|male|1988-12-16|34|false
406|Allison Day|female|1975-09-05|47|false
407|Carol Jordan|female|1983-07-23|40|false
408|Jessica Boyd|female|1972-02-13|51|true
409|Emily Heath|female|1978-08-31|44|false
410|Tina Martin|female|1972-03-21|51|false
411|Jordan Ingram|male|1985-12-06|37|true
412|Lindsay Archer|female|1970-01-13|53|true
413|Jeremiah Murphy|male|1987-06-02|36|true
414|Kimberly Jones|female|1990-07-31|33|false
415|Dennis Glover|male|1991-08-14|32|false
416|Matthew Taylor|male|1973-12-10|49|false
417|Jessica Ward|female|1986-07-18|37|true
418|Diana Good|female|1973-05-30|50|false
419|Jason Mcclain|male|1998-05-10|25|true
420|Joy Clarke|female|1972-07-25|51|true
421|Karen Lyons|female|1984-07-06|39|true
422|Allison Ruiz|female|2000-03-26|23|true
423|Elizabeth Walters|female|1979-11-27|43|false
424|Andrew Carr|male|1979-12-13|43|true
425|George Luna|male|1989-04-28|34|true
426|Heather Davis|female|1992-05-27|31|true
427|Brenda Collins|female|1992-02-01|31|false
428|Patrick Weaver|male|1972-01-11|51|false
429|Anna Larsen|female|1994-03-02|29|true
430|Brandon Hill|male|1992-01-30|31|false
431|Gabriella Williams|female|1979-07-23|44|true
432|Roberto Crawford|male|1972-05-09|51|true
433|Anna Torres|female|1984-05-15|39|true
434|William Valdez|male|1979-10-13|43|true
435|Gina Oliver|female|1971-05-28|52|false
436|David Juarez|male|1986-01-27|37|false
437|Jorge Miller|male|1987-03-28|36|true
438|Daniel Meyer|male|2000-09-03|22|false
439|Michael Vang|male|1996-11-11|26|true
440|Lauren Hayes|female|1992-06-19|31|false
441|Patricia Cruz|female|1983-01-21|40|true
442|Sarah Sanders|female|1972-10-07|50|true
443|Marcus Schaefer|male|1972-08-26|50|false
444|Keith Grimes|male|1991-05-21|32|true
445|Felicia Clarke|female|1994-06-13|29|true
446|Karen Olsen|female|1980-02-05|43|true
447|Neil Harrington|male|1982-06-15|41|false
448|Samantha Cooper|female|1997-08-30|25|true
449|Kelly Perkins|female|1983-06-26|40|false
450|John Snyder|male|1978-05-03|45|false
451|Thomas Williams|male|1973-07-07|50|true
452|Amy Fowler|female|1989-09-22|33|true
453|James Allen|male|1980-06-28|43|true
454|Sharon Myers|female|1991-04-21|32|true
455|Adam Burgess|male|1978-04-09|45|false
456|Dakota Garcia|male|1978-09-21|44|true
457|Edward Lewis|male|1978-03-24|45|false
458|Kim Jones|female|1983-11-16|39|false
459|Patricia Green|female|1975-05-22|48|false
460|Lawrence Davis|male|1972-10-14|50|true
461|Brandon Bond|male|1986-07-19|37|false
462|Don Martin|male|1999-11-29|23|true
463|Nathan Tyler|male|1998-11-01|24|true
464|Roger Thomas|male|1985-06-09|38|false
465|Yolanda Salinas|female|1991-03-19|32|true
466|James Caldwell|male|1985-09-10|37|false
467|Matthew Martinez|male|1978-06-11|45|false
468|John Richardson|male|1996-01-31|27|true
469|Nicole Cole|female|1975-03-15|48|true
470|Jonathan Simpson|male|1991-07-07|32|false
471|Samantha Baker|female|1973-01-10|50|true
472|Joyce Rivers|female|1986-04-08|37|false
473|Whitney Gill|female|1995-12-13|27|false
474|Ashley Moore|female|1998-12-18|24|true
475|Darrell Rivera|male|1986-10-27|36|true
476|Raymond Smith|male|1993-04-15|30|true
477|Cheryl Franklin|female|1976-10-03|46|false
478|Justin Parsons|male|1970-01-06|53|true
479|Catherine Kaiser|female|1973-06-28|50|false
480|David Murray|male|1974-05-05|49|false
481|Tammy Kirby|female|2000-07-24|23|false
482|Tiffany Jackson|female|1987-01-12|36|true
483|Stacey Cunningham|female|1982-10-05|40|true
484|Michael Barton|male|1989-08-04|34|true
485|Brenda Morales|female|1976-07-02|47|false
486|Harold Ross|male|1973-07-05|50|false
487|Travis Castro|male|1997-01-26|26|true
488|Nicholas Curtis|male|1973-08-29|49|true
489|Stephen Kelley|male|1987-11-20|35|true
490|Amy Kaiser|female|1986-04-25|37|false
491|Elizabeth Morgan|female|1988-01-15|35|true
492|Robert Rodriguez|male|1989-05-10|34|false
493|William Kelley|male|1976-10-31|46|true
494|Charles Owens|male|1974-08-10|49|false
495|Katherine Lee|female|1982-09-05|40|false
496|Morgan Cabrera|female|1995-11-10|27|false
497|Rebecca Morris|female|1985-07-04|38|false
498|John Miller|male|1987-10-25|35|true
499|Jordan Woods|female|1994-01-27|29|false
500|Susan Burke|female|1997-01-12|26|true
501|Abigail Williams|female|1991-02-15|32|true
502|Melissa Holland|female|1976-12-21|46|true
503|Daniel Martin|male|1990-08-19|32|false
504|Peggy Moore|female|1993-02-17|30|true
505|Andrea Brown|female|1992-08-04|31|false
506|Denise Chavez|female|1996-12-16|26|true
507|Victoria Johnston|female|1971-05-18|52|false
508|Kimberly Velazquez|female|1970-05-01|53|false
509|Ann Carter|female|1975-02-18|48|false
510|Stephanie Henderson|female|1972-11-10|50|true
511|Bailey Mclaughlin|female|1982-03-19|41|true
512|Mariah Price|female|1992-05-17|31|false
513|Allen Shelton|male|1983-04-09|40|false
514|Joseph Rice|male|1990-11-05|32|false
515|Christopher Monroe|male|1984-07-21|39|false
516|Adrian Schmidt|male|1982-01-02|41|true
517|Jamie Berry|female|1992-06-16|31|false
518|Elizabeth Carter|female|1974-04-01|49|false
519|Sean Atkins|male|1987-10-24|35|true
520|George Moore|male|1979-01-21|44|false
521|Megan Garza|female|2000-05-07|23|true
522|Cindy Adams|female|1971-06-29|52|true
523|Lisa Lee|female|1976-04-17|47|true
524|Taylor Johnson|female|1983-06-11|40|true
525|Misty Williams|female|1997-07-11|26|false
526|Jeffrey Beck|male|1974-07-19|49|true
527|Eric Hernandez|male|1971-04-22|52|true
528|Stephanie Williams|female|1978-09-09|44|true
529|Kevin Shepard|male|1999-04-21|24|true
530|James Newman|male|1995-11-29|27|true
531|Billy Jones|male|1996-06-10|27|true
532|Christina Bernard|female|1976-01-08|47|false
533|Sarah Sanchez|female|1994-11-21|28|false
534|Deborah Matthews|female|1983-03-18|40|true
535|Sharon Jacobson|female|1997-07-28|26|true
536|Alyssa Reid|female|1990-08-19|32|true
537|Scott Aguilar|male|1981-04-05|42|true
538|Olivia Cunningham|female|1974-03-04|49|false
539|Mary Simpson|female|1995-02-02|28|false
540|Beverly Lozano|female|1985-02-10|38|false
541|Phillip Sims|male|1992-01-04|31|false
542|Eric Schmidt|male|1975-06-04|48|false
543|Brenda Buchanan|female|1993-02-26|30|true
544|Michael Mcguire|male|1975-07-13|48|true
545|Brandi Ramos|female|1992-12-09|30|true
546|Savannah Robinson|female|1997-10-20|25|true
547|Paul Lopez|male|1994-05-28|29|true
548|Kristi Gonzalez|female|1971-06-26|52|true
549|Maria Davis|female|1998-02-15|25|true
550|Melissa Harris|female|1996-02-10|27|true
551|Robert Bean|male|1990-06-21|33|false
552|Michael Dickerson|male|1982-02-27|41|true
553|Lawrence Fisher|male|1975-05-31|48|false
554|Patrick Warren|male|1996-05-02|27|false
555|Steven Conner|male|1989-10-05|33|false
556|Amanda Harvey|female|1979-02-22|44|false
557|Jason Edwards|male|1992-12-03|30|false
558|Jason Silva|male|1972-12-27|50|false
559|Andrew Rivera|male|1983-05-30|40|true
560|Billy Daugherty|male|1980-08-27|42|false
561|Laura Young|female|1994-04-15|29|false
562|Lynn Burton|female|1986-11-29|36|true
563|Bryan Watkins|male|1985-10-02|37|false
564|Joshua Herrera|male|1994-03-05|29|true
565|Amanda Barber|female|1978-06-30|45|false
566|Kyle Beard|male|1979-11-03|43|true
567|Laurie Cortez|female|1993-03-08|30|false
568|Johnny Meyer|male|1971-01-10|52|true
569|Jackie Horton|female|1992-09-05|30|false
570|Erik Wilson|male|1996-06-23|27|false
571|Jose Hall|male|1987-02-01|36|true
572|Lisa King|female|2000-12-14|22|true
573|Michelle Orr|female|1991-10-13|31|false
574|Heather Henry|female|1972-02-02|51|true
575|Tiffany Hogan|female|1979-06-05|44|true
576|Jared Johnson|male|2000-10-17|22|false
577|Ruth Castillo|female|1973-09-05|49|false
578|Kaitlyn Garcia|female|1984-10-09|38|false
579|Jessica Brown|female|1985-11-23|37|true
580|Paula Nunez|female|1982-12-04|40|true
581|Kyle Hancock|male|1978-12-02|44|false
582|William Sandoval|male|1979-05-03|44|false
583|Matthew Graham|male|1980-12-23|42|true
584|Amy Smith|female|1983-05-27|40|false
585|Donna Barnes|female|1971-07-29|52|true
586|Brandy Schaefer|female|1976-03-19|47|true
587|Kara Carter|female|1999-11-21|23|false
588|Paula Palmer|female|1985-09-21|37|false
589|Tammy Walters|female|1979-09-30|43|false
590|Christina Romero|female|1974-02-04|49|true
591|Chad Forbes|male|1973-05-19|50|false
592|Jean Robinson|female|1976-09-04|46|false
593|Amanda Owens|female|1985-08-12|38|true
594|Laura Roberts|female|1976-06-11|47|true
595|Douglas Perez|male|1980-08-22|42|false
596|Jason Rivera|male|1991-04-24|32|true
597|April Lee|female|1973-10-09|49|false
598|Paul Ware|male|1996-06-09|27|false
599|Jesse Payne|male|1985-04-19|38|false
600|Christopher Hernandez|male|1989-06-26|34|false
601|Kevin Rodriguez|male|1976-04-30|47|false
602|Gary Chan|male|1974-05-04|49|true
603|Christopher Shelton|male|1982-12-22|40|false
604|William Smith|male|1978-07-10|45|false
605|Misty White|female|1988-06-20|35|false
606|Whitney Hess|female|1993-04-03|30|true
607|Scott Ortiz|male|1999-12-05|23|true
608|Adam Gutierrez|male|1972-05-30|51|false
609|Kenneth Kelley|male|1974-05-25|49|false
610|Michael Duncan|male|1989-01-29|34|false
611|Jennifer Johnson|female|1997-04-20|26|false
612|Alex Hendricks|male|1975-09-13|47|false
613|Melissa Johnson|female|1999-05-27|24|false
614|Adam Meyer|male|1993-02-08|30|false
615|Thomas Hernandez|male|1974-01-28|49|false
616|James Finley|male|2000-11-29|22|true
617|Eric Johnson|male|1997-11-23|25|false
618|Ethan Smith|male|1976-07-15|47|true
619|Brittney Sims|female|1989-03-05|34|false
620|Alicia Holloway|female|1987-05-11|36|true
621|Monica Padilla|female|1972-02-22|51|true
622|Joshua Pineda|male|1983-08-16|40|true
623|Christine Nunez|female|2000-08-27|22|true
624|Melissa Higgins|female|1975-11-08|47|true
625|James Shah|male|1973-01-19|50|true
626|Brittany Silva|female|1991-07-29|32|true
627|Michelle Clark|female|1982-07-08|41|true
628|Christopher Le|male|2000-06-09|23|false
629|Ashley Robles|female|1982-05-23|41|true
630|Kyle Byrd|male|1984-02-16|39|false
631|Joyce Spencer|female|1999-08-29|23|false
632|Nicholas Cooke|male|1981-06-29|42|false
633|Eric Griffin|male|1998-10-11|24|true
634|Gary Torres|male|1974-11-24|48|true
635|Raymond Cochran|male|1975-06-07|48|true
636|Lauren Henry|female|1993-12-16|29|false
637|Tanya Lopez|female|1984-05-07|39|false
638|Daniel Davis|male|1999-03-28|24|true
639|James Briggs|male|1995-04-25|28|false
640|Jordan Morton|male|1987-08-09|36|false
641|Gregory Grant|male|1994-01-26|29|true
642|Nicole Carter|female|1993-06-17|30|true
643|Rhonda Tran|female|1981-02-26|42|false
644|Jonathan Noble|male|1972-03-21|51|true
645|David Mills|male|1985-05-31|38|false
646|Robert Crawford|male|1975-02-22|48|false
647|Debbie Strong|female|1985-12-31|37|true
648|Blake Hancock|male|1987-06-02|36|false
649|Felicia Friedman|female|1986-01-15|37|true
650|James Cunningham|male|1992-08-08|31|true
651|Henry King|male|2000-11-30|22|true
652|Monica Wright|female|2000-05-05|23|true
653|Alexis Maldonado|female|2000-08-17|22|false
654|Jonathan Lucas|male|1987-02-01|36|true
655|John Edwards|male|1974-05-16|49|false
656|Leslie Ferrell|female|1979-08-27|43|true
657|Angela Page|female|1993-03-01|30|true
658|Philip Thompson|male|1972-04-30|51|false
659|Sylvia Walker|female|1997-05-02|26|true
660|Joshua Stone|male|1973-10-19|49|true
661|Miguel Dickson|male|1996-02-09|27|false
662|Peter Anderson|male|1998-05-09|25|true
663|Heather Garza|female|1991-05-27|32|false
664|Eric Anderson|male|1974-10-02|48|true
665|Leslie Evans|female|1982-01-24|41|true
666|Rebecca Murphy|female|1994-02-11|29|false
667|Ryan Dalton|male|1975-04-05|48|false
668|Ashley Ellis|female|1982-04-22|41|true
669|Melissa Wells|female|1987-04-27|36|false
670|Joseph Carlson|male|1983-06-17|40|false
671|Lisa Clark|female|1994-02-04|29|false
672|Daniel Green|male|1994-01-20|29|true
673|Brian Morris|male|1981-02-25|42|false
674|Micheal Woodard|male|2000-07-03|23|true
675|Candice Peterson|female|1983-12-27|39|true
676|Sierra Ayala|female|1990-09-29|32|false
677|Richard Lyons|male|1996-02-19|27|true
678|Jacqueline Medina|female|1977-01-26|46|false
679|Matthew Alvarez|male|1983-10-08|39|true
680|Angela Owens|female|1998-11-05|24|true
681|Alexandra Mccann|female|1997-11-13|25|false
682|Marcus Rodriguez|male|1992-05-14|31|false
683|Mallory Lindsey|female|1995-11-13|27|true
684|Dennis Powell|male|1990-09-17|32|false
685|Maria Sanders|female|1989-10-13|33|true
686|Olivia Hall|female|1995-12-05|27|false
687|Christopher Watts|male|1979-05-19|44|false
688|Taylor Jones|female|1985-09-07|37|false
689|Rodney House|male|1984-01-04|39|true
690|Steven Miller|male|1997-05-12|26|true
691|Crystal Diaz|female|1980-04-16|43|true
692|Carla Parrish|female|1975-03-18|48|false
693|Jennifer Vasquez|female|1999-05-18|24|true
694|Jennifer Thomas|female|1975-01-07|48|false
695|Samuel Hubbard|male|1973-09-21|49|true
696|Diana Riggs|female|1974-02-10|49|false
697|Timothy Lawrence|male|1981-03-02|42|true
698|Teresa Willis|female|1971-09-11|51|false
699|Donald Harris|male|1998-09-20|24|false
700|Nicholas Tran|male|1973-03-17|50|false
701|Michelle Simmons|female|1999-06-03|24|true
702|Cynthia Williams|female|1983-01-08|40|true
703|Kim Jenkins|female|1991-08-05|32|false
704|Taylor Terrell|male|1992-03-20|31|true
705|Bobby Wells|male|1999-04-01|24|false
706|Casey Mendoza|male|1994-12-24|28|true
707|Andre Houston|male|1991-09-22|31|false
708|Alyssa Fisher|female|1999-08-11|24|false
709|Lisa Smith|female|1980-02-28|43|true
710|Tiffany Cooper|female|1989-12-08|33|true
711|Jeanette Lopez|female|1986-11-18|36|true
712|Pamela Mccoy|female|1995-08-21|27|true
713|Stephanie Stewart|female|1972-06-09|51|true
714|Kyle Walker|male|1970-04-02|53|false
715|Shannon Anderson|female|1987-09-22|35|false
716|Sean Davis|male|1987-02-08|36|false
717|Justin Winters|male|1991-12-03|31|true
718|Ralph Parks|male|1997-08-29|25|true
719|Sherry Ford|female|1999-10-28|23|true
720|Heidi Paul|female|1993-01-19|30|true
721|Emma Daniel|female|1970-10-29|52|true
722|Melissa Carson|female|1989-10-29|33|false
723|Nicholas Cardenas|male|1976-03-14|47|true
724|Walter Ellis|male|1972-05-04|51|true
725|David House|male|1997-12-28|25|true
726|Kelly Williams|male|1982-06-12|41|true
727|Ariana Kerr|female|1986-02-16|37|false
728|Roy Dominguez|male|1993-04-22|30|false
729|Gary Wu|male|1977-12-20|45|true
730|Kimberly Padilla|female|1972-09-05|50|false
731|Chris Singleton|male|1997-06-25|26|true
732|Sarah Werner|female|1993-05-16|30|true
733|Thomas Johnson|male|1988-06-24|35|true
734|Steven Cox|male|1984-01-31|39|true
735|Alison Clark|female|1999-01-20|24|false
736|Carla Holden|female|1979-11-08|43|false
737|Jimmy Brown|male|1981-11-17|41|true
738|Faith Cabrera|female|1973-06-04|50|true
739|Terry Allen|male|1993-08-05|30|true
740|Shelly Cooper|female|1973-04-27|50|true
741|Wanda Lee|female|1996-08-17|26|false
742|Ricky Oliver|male|1975-06-08|48|true
743|Richard Wright|male|2000-03-23|23|true
744|Steven Young|male|1971-05-28|52|true
745|Autumn Robinson|female|1997-01-13|26|true
746|Joshua Warren|male|1988-11-30|34|false
747|Lisa Glenn|female|1990-01-02|33|false
748|Audrey Holden|female|1997-05-20|26|true
749|Donald Moore|male|1976-04-01|47|true
750|Anthony Garner|male|1983-04-23|40|false
751|Victor Serrano|male|1981-10-09|41|true
752|Megan Davidson|female|1990-04-11|33|true
753|Robert Evans|male|1976-01-27|47|true
754|Heather Rowe|female|1983-12-17|39|true
755|Angela Johnson|female|1973-12-05|49|false
756|Jose Smith|male|2000-11-23|22|false
757|Crystal Evans|female|1972-12-12|50|false
758|Marie Montes|female|1994-04-13|29|false
759|Gary Murray|male|1972-01-14|51|false
760|Oscar Perry|male|1996-05-20|27|true
761|Victor Young|male|1998-01-04|25|false
762|Rodney Yang|male|1992-12-25|30|true
763|Melanie Hester|female|1985-10-25|37|false
764|April Lee|female|1981-05-18|42|true
765|Barbara Sanders|female|1977-01-19|46|true
766|Tyler Chang|male|1978-07-23|45|true
767|Robert Anderson|male|1997-11-08|25|false
768|Dakota Garcia|male|1986-07-31|37|false
769|Daniel Davis|male|1994-07-12|29|true
770|Joseph Martinez|male|1992-11-30|30|false
771|Jose Kennedy|male|1999-01-08|24|false
772|Karen Barron|female|1993-01-31|30|false
773|Theresa Medina|female|1988-11-13|34|false
774|Denise Duffy|female|1984-04-16|39|true
775|Andrea Jones|female|1980-03-30|43|false
776|Sean Foster|male|1997-10-11|25|false
777|Sarah Mcdonald|female|1974-12-27|48|true
778|Ann Johnson|female|1970-05-17|53|false
779|Lawrence Gallagher|male|1989-05-25|34|false
780|Zachary Tyler|male|1973-02-07|50|true
781|Bethany Pitts|female|1981-12-24|41|false
782|Janet Rivera|female|1992-01-19|31|false
783|Tiffany Castillo|female|1992-08-07|31|false
784|Stephen Russell|male|1996-09-01|26|false
785|Joshua Barton|male|1994-03-29|29|true
786|Gordon Gutierrez|male|1981-03-21|42|false
787|Phyllis Romero|female|2000-02-23|23|true
788|Roger Strong|male|1984-11-22|38|true
789|James Rojas|male|1992-08-08|31|false
790|Alicia Blackwell|female|1976-07-30|47|true
791|Stephen Wilson|male|1984-08-16|39|true
792|John Quinn|male|1994-12-19|28|false
793|Noah Moore|male|1997-08-12|26|false
794|Veronica Bray|female|1989-04-03|34|true
795|Michelle Myers|female|1992-07-26|31|false
796|Emily Lester|female|1988-09-23|34|false
797|Julie Gibson|female|1981-07-25|42|true
798|Aaron Hoover|male|1998-07-01|25|true
799|Daniel Tran|male|1972-03-24|51|true
800|Sergio Mclean|male|1991-10-31|31|true
801|Sarah Chang|female|1984-04-23|39|true
802|Carrie Perry|female|1977-06-03|46|false
803|Steven Griffin|male|1976-12-20|46|true
804|David Walker|male|1980-03-27|43|true
805|Michael Gonzalez|male|1999-12-13|23|false
806|Charles Green|male|1994-12-17|28|true
807|Nicole Baker|female|1979-09-12|43|true
808|Lori Schmitt|female|1988-02-21|35|true
809|Linda Anderson|female|1981-01-08|42|true
810|Patrick Sanchez|male|1998-06-20|25|true
811|Carlos Smith|male|1997-05-06|26|false
812|Jose Taylor|male|1999-08-12|24|false
813|Patricia Andrade|female|1984-01-01|39|false
814|Erin Johnson|female|1986-02-13|37|true
815|Kenneth Dominguez|male|1987-01-24|36|false
816|John Green|male|1989-12-07|33|false
817|Jessica Potter|female|1973-02-24|50|false
818|Jill Cooper|female|1978-04-15|45|true
819|Cynthia Melendez|female|1982-11-18|40|false
820|Zachary Diaz|male|1996-03-20|27|true
821|Katherine Mullen|female|1985-02-08|38|false
822|Christopher Lin|male|1994-07-23|29|false
823|Amanda Hebert|female|1998-10-03|24|true
824|Adam Nguyen|male|1975-04-14|48|false
825|Jennifer Calhoun|female|1984-12-29|38|true
826|Robert Foley|male|1994-02-13|29|true
827|Raymond Branch|male|1988-12-18|34|false
828|Rhonda Golden|female|1997-08-23|25|false
829|Charles Cardenas|male|1997-07-08|26|false
830|Colin Robinson|male|1987-07-03|36|true
831|Kelsey Howard|female|1985-07-03|38|false
832|John Strong|male|1998-10-05|24|true
833|Adam Hall|male|1984-08-26|38|false
834|Joseph Greer|male|1986-08-25|36|false
835|Richard Bruce|male|1986-09-19|36|false
836|Roger Robinson|male|2000-06-26|23|true
837|Krystal Farley|female|1982-05-11|41|false
838|Angela Thompson|female|1979-01-14|44|true
839|Christopher James|male|1992-10-23|30|false
840|Rachel Waters|female|1973-10-11|49|true
841|Derek Pacheco|male|1985-10-27|37|false
842|Stephen Garza|male|1975-01-03|48|true
843|Madeline Yu|female|1992-10-03|30|true
844|Lucas Snyder|male|1995-10-11|27|false
845|Stephen Garcia|male|1990-12-23|32|false
846|Matthew Murphy|male|1999-09-05|23|false
847|John Fox|male|1972-10-02|50|false
848|Cheryl Franklin|female|1990-08-19|32|true
849|Barbara Martinez|female|1983-08-27|39|false
850|Heather Johnson|female|1981-11-02|41|true
851|Dwayne King|male|1983-09-20|39|true
852|Philip Brown|male|1997-07-13|26|true
853|Spencer Robbins|male|1978-08-14|45|false
854|Daniel Adkins|male|1980-04-12|43|false
855|Kylie Ortiz|female|1973-02-20|50|false
856|Mary Rodriguez|female|1995-10-07|27|false
857|Andrea Anderson|female|1980-03-22|43|true
858|Arthur Fields|male|2000-05-03|23|false
859|Jose Mccoy|male|1998-06-29|25|true
860|Jerry Palmer|male|1979-08-25|43|true
861|Kelly Mckinney|female|1992-04-17|31|true
862|Sarah Jacobson|female|1990-01-25|33|false
863|Kelly Leonard|female|1977-12-13|45|false
864|William Acosta|male|1975-09-20|47|true
865|Jillian Barron|female|1988-10-18|34|false
866|Jason Lopez|male|1999-08-01|24|true
867|Kiara Knox|female|1980-07-02|43|false
868|Megan Warner|female|1992-06-23|31|false
869|Kathy Santana|female|1987-02-04|36|true
870|Shawn Davis|male|1974-03-28|49|false
871|Christopher Kemp|male|1992-06-28|31|true
872|Eric Hinton|male|1976-04-12|47|true
873|Lisa Guerra|female|1974-01-24|49|false
874|Gregory Huffman|male|1995-01-11|28|false
875|Michael Smith|male|1973-06-20|50|false
876|Shawn Fowler|male|1975-04-05|48|true
877|Joshua Wong|male|1970-06-20|53|true
878|Craig Harris|male|1986-09-07|36|true
879|Elizabeth Navarro|female|2000-06-07|23|true
880|Jeanne Wood|female|1973-12-13|49|true
881|Brenda Simpson|female|2000-03-11|23|true
882|Nicholas Estrada|male|1979-05-18|44|false
883|Tommy Allen|male|1981-06-29|42|true
884|Toni Smith|female|1981-06-28|42|true
885|Seth Cruz|male|1980-11-11|42|true
886|Cassie Mills|female|1972-05-30|51|false
887|Alyssa Reed|female|1982-07-03|41|false
888|Ronald Doyle|male|1991-11-17|31|true
889|Emily Sutton|female|1973-02-16|50|false
890|Lee Morgan|male|1980-04-03|43|false
891|Monica Perez|female|1995-07-29|28|false
892|Miranda Miller|female|1972-05-24|51|true
893|Tina Rowe|female|1977-08-15|46|false
894|Christian Craig|male|1984-09-06|38|false
895|Francisco Hardy|male|1982-03-26|41|true
896|Ryan Moore|male|1978-03-11|45|true
897|Megan Hernandez|female|1982-01-02|41|false
898|Jennifer Crawford|female|1970-09-15|52|false
899|Nicole Harris|female|1990-12-29|32|false
900|Amanda Schultz|female|1999-08-21|23|true
901|Kelly Floyd|female|1976-06-08|47|true
902|Maria Sullivan|female|1977-12-06|45|false
903|Tamara Sims|female|1982-10-12|40|true
904|Timothy Thornton|male|1975-05-04|48|true
905|Karen Hodge|female|1988-03-23|35|false
906|William White|male|1999-08-13|24|true
907|Glen Tucker|male|1995-09-21|27|false
908|Adam Thomas|male|1990-06-14|33|true
909|Frank Walters|male|1991-01-06|32|true
910|Charles Jones|male|1975-04-22|48|true
911|Stephanie Rodriguez|female|1998-05-17|25|true
912|Sharon Dixon|female|1975-07-18|48|true
913|David Gallegos|male|1975-09-17|47|false
914|Amanda Knight|female|1981-10-27|41|false
915|Jennifer Brown|female|1980-08-04|43|false
916|Derek Lewis|male|1975-05-15|48|true
917|Warren Wilson|male|1971-11-08|51|true
918|Daniel Harris|male|1972-12-26|50|true
919|Steven Odom|male|1999-11-15|23|false
920|Daisy Woods|female|1974-10-19|48|true
921|Beverly Levy|female|1982-04-29|41|false
922|Jessica Garcia|female|1985-09-04|37|false
923|Diana Roberson|female|1977-06-21|46|false
924|Patrick Thomas|male|1987-04-13|36|false
925|Terrence Rose|male|1996-11-11|26|true
926|Gary Gill|male|1970-01-19|53|true
927|Nicholas Thompson|male|1992-06-27|31|false
928|David Holland|male|2000-09-25|22|false
929|John Rogers|male|2000-04-25|23|true
930|Debra Dennis|female|1975-09-27|47|false
931|Kimberly Munoz|female|1996-07-11|27|false
932|Juan Johnson|male|1984-02-01|39|false
933|Daniel Newton|male|1988-12-25|34|true
934|Amanda Savage|female|1989-04-23|34|false
935|Kevin Jackson|male|1973-01-14|50|false
936|Kaitlin Walker|female|1983-06-08|40|true
937|Laura Gregory|female|1997-05-24|26|true
938|Jennifer Bennett|female|1989-03-23|34|false
939|Matthew Wong|male|1974-08-12|49|true
940|Leon Adams|male|1992-12-13|30|true
941|Linda Johnson|female|1986-08-06|37|false
942|Patricia Fuller|female|1988-07-20|35|true
943|Katie Dougherty|female|1974-12-16|48|false
944|Stacey Williams|female|1978-09-24|44|false
945|Charles Jones|male|1991-06-02|32|true
946|Michael Holland|male|1973-05-09|50|true
947|Morgan Johnson|female|1985-03-14|38|false
948|Jessica Carroll|female|1974-09-09|48|true
949|Matthew Turner|male|1976-05-07|47|true
950|Jenny Richardson|female|1978-11-17|44|true
951|Meghan Barron|female|1998-05-12|25|false
952|Bradley Myers|male|1989-09-16|33|true
953|Douglas Bonilla|male|1988-11-04|34|true
954|Robin Perez|female|1975-05-31|48|true
955|Heather Carroll|female|1989-03-16|34|false
956|Amy Kelly|female|2000-09-07|22|false
957|Pedro Figueroa|male|1972-10-10|50|false
958|Lynn Howard|female|1979-06-10|44|false
959|Theresa Estrada|female|1989-06-16|34|true
960|Mariah Bryant|female|1978-02-14|45|false
961|Alan Martinez|male|1980-07-17|43|true
962|Brad Mason|male|1993-06-07|30|false
963|Andrea Shelton|female|1974-06-07|49|true
964|Susan Rollins|female|1995-04-23|28|false
965|Ricky Doyle|male|1970-02-20|53|true
966|Vanessa Mejia|female|1989-05-30|34|false
967|Rachel Garrison|female|1978-12-04|44|true
968|Lori Morris|female|1996-08-20|26|false
969|Devon Mason|male|1994-02-16|29|true
970|Gabriella Gray|female|1982-04-27|41|true
971|Regina West|female|1972-09-26|50|false
972|Dana Jimenez|female|1980-08-07|43|false
973|Daniel Fitzpatrick|male|1991-07-24|32|false
974|Kimberly Oliver|female|1998-06-11|25|false
975|Ryan Steele|male|1996-12-03|26|false
976|Christopher Mcconnell|male|1992-07-16|31|true
977|Taylor Reed|female|1991-05-23|32|false
978|John Wilson|male|1990-08-05|33|false
979|Rachel Cruz|female|1972-01-06|51|true
980|Natalie Robinson|female|1986-08-20|36|false
981|Luke Solomon|male|1992-07-02|31|false
982|Mario Shelton|male|1989-10-10|33|true
983|Craig Phillips|male|1996-01-06|27|false
984|Teresa Chen|female|1988-06-28|35|false
985|Sheryl Osborn|female|1970-03-22|53|false
986|Amanda White|female|1986-09-03|36|true
987|Robert Smith|male|1989-02-14|34|true
988|Amy Miles|female|1985-03-10|38|false
989|Frank Thomas|male|1995-11-09|27|false
990|Curtis Cordova|male|1974-01-16|49|false
991|Pamela Harrington|female|1996-05-12|27|false
992|Nicholas Dunlap|male|1987-03-13|36|false
993|Darlene Garcia|female|1973-07-10|50|false
994|Miguel Morgan|male|1974-09-14|48|false
995|Paul Foster|male|1972-02-14|51|true
996|Michael Bryant|male|2000-08-29|22|true
997|Samantha Boyer|female|1985-06-10|38|true
998|Joseph Andrews|male|1989-04-28|34|true
999|Megan Shaw|female|1986-07-24|37|true
1000|Kelly Howell|female|1984-02-16|39|true
